date;type;amount;category;description
2026-10-01;INCOME;5200,00;SALARY;Wynagrodzenie
2026-10-01;EXPENSE;1800,00;HOUSING;Czynsz
2026-10-02;EXPENSE;45,90;FOOD;Zakupy spożywcze
2026-10-03;EXPENSE;120,00;TRANSPORT;Bilet miesięczny
2026-10-05;EXPENSE;89,99;ENTERTAINMENT;Kino i kolacja
2026-10-07;EXPENSE;64,20;FOOD;Zakupy spożywcze
2026-10-10;EXPENSE;35,00;HEALTH;Apteka
2026-10-12;INCOME;300,00;OTHER;Zwrot za bilety
2026-10-15;EXPENSE;210,50;FOOD;Zakupy na tydzień
2026-10-20;EXPENSE;59,00;ENTERTAINMENT;Subskrypcje
